id,name,email,phone
81495,Reggie Lubowitz,reggie_lubowitz@dianna.name,973-404-3622
64429,Bianka Doyle,bianka_doyle44@matilde.biz,1-969-818-3151 x48791
70908,Micah Parker,micah_parker88@phoebe.com,969-711-5709 x70453
38371,Dandre Windler,dandre48@oswaldo.net,1-599-450-9973
58654,Mallory O'Keefe,mallory_okeefe90@lucas.biz,997-319-0100 x707
52745,Toy Heidenreich,toy11@elenor.com,(730) 498-9898 x243
631,Jamie Collins,jamie.collins97@johnnie.biz,1-311-220-5241 x703
5082,Braxton Shanahan,braxton2@maurice.name,651.821.4046 x4541
3437,Delphine Rutherford,delphine65@yoshiko.name,868-382-2497
69032,Cruz Rowe,cruz_rowe@nikita.com,(614) 229-6190
8513,Milan Brakus,milan55@keira.biz,250.492.9768 x85096
44307,Carlo Schimmel,carlo_schimmel@hildegard.com,(306) 213-1896 x521
79459,Lisandro Kiehn,lisandro_kiehn@benton.biz,(912) 739-4197 x28505
23132,Giles McCullough,giles_mccullough@mozell.name,598.296.3523 x968
10792,Linnie Predovic,linnie_predovic@jaron.net,532.509.6482 x0129
98109,Elza D'Amore,elza71@bo.info,646-775-1442 x533
56577,Jayda Swift,jayda_swift99@jude.org,226.641.3144 x120
654,Jarrod O'Hara,jarrod.ohara@taylor.com,1-932-669-6421 x8401
39774,Dorcas Grant,dorcas_grant84@lacy.org,(831) 224-5336 x04853
97895,Salvatore Lang,salvatore7@wyatt.net,220.394.8098 x414
24395,Jalon Mayer,jalon_mayer55@katlyn.com,411-906-7242 x76021
37131,Kane Hessel,kane49@duane.com,787-804-8748 x676
59576,Danny Bergstrom,danny_bergstrom@alvera.biz,901.313.2698 x39236
15303,Dominic Zulauf,dominic.zulauf@albert.info,1-498-357-3007 x4527
64269,Connor Rodriguez,connor.rodriguez@clifford.info,364.807.0251 x8888
59200,Bridgette Purdy,bridgette24@damien.name,322.835.3603
7251,Gwen Cummings,gwen_cummings92@micaela.name,922-256-2210 x558
28696,Kaleb Glover,kaleb64@lisette.com,465-519-2476 x08037
38564,Gussie Stehr,gussie_stehr@boris.org,(277) 615-9694 x3937
77470,Dave Wintheiser,dave83@monserrat.com,206-592-9688 x342
91287,Luigi DuBuque,luigi_dubuque@christophe.name,(421) 770-8647 x239
19801,Samson Marquardt,samson_marquardt@katlynn.com,565.802.1119 x466
50158,Jayce Hackett,jayce55@armand.biz,(626) 375-9962
40109,Rosella Fisher,rosella_fisher5@sandra.com,1-645-969-6866
18045,Kurt Dooley,kurt_dooley49@lauretta.biz,1-577-570-7650 x890
84362,Ozella Pagac,ozella79@korey.info,275-642-2906 x7799
51294,Dwight Jacobi,dwight_jacobi57@kaylie.name,1-736-422-3303
62385,Davion Beier,davion.beier@kareem.info,(652) 491-3835
11313,Valentine Thiel,valentine33@freddy.org,240.763.1015 x6008
72939,Willy Kutch,willy.kutch2@rosa.org,1-819-776-4624
31050,Devyn Keebler,devyn74@madie.org,1-416-302-3293 x65763
22661,Vesta Armstrong,vesta.armstrong@regan.net,(354) 689-3246 x0332
23432,Jaida Reichert,jaida_reichert50@mary.info,464-535-7212 x88783
29421,Tanya Grant,tanya.grant@ivy.name,263.837.5156 x04100
22425,Maya Goodwin,maya.goodwin@millie.biz,634-507-7225
49498,Cale Beer,cale_beer96@amiya.name,654-902-6050 x5064
63197,Destini Stanton,destini61@mitchel.org,682.575.5862 x41201
90243,Oswald Paucek,oswald25@ora.com,1-697-814-8619 x372
39808,Kallie Kulas,kallie.kulas@douglas.org,(961) 670-1677
57496,Gage Dibbert,gage80@serenity.info,641.304.8091 x411
47667,Nannie Monahan,nannie_monahan@rosalinda.com,(597) 330-6943 x73691
88200,Savanah Hayes,savanah79@harold.net,931-736-6728
89853,Harley Koss,harley75@judy.biz,1-863-310-6920 x863
2446,Flossie Durgan,flossie80@otho.name,756-994-3496
25786,Rogers Green,rogers_green52@gaston.org,1-933-651-2750
88730,Hilario Romaguera,hilario_romaguera8@kristofer.biz,708-999-8673
37849,Vernon Swaniawski,vernon7@joanie.com,1-294-339-8867
13720,Ines Shanahan,ines.shanahan@georgianna.biz,204.919.3966
74282,Dangelo Bayer,dangelo49@dorian.org,314-834-4119 x54487
6102,Blaise Macejkovic,blaise51@kayley.net,337.768.2677 x53413
96045,Juliet Jakubowski,juliet.jakubowski94@angus.org,(359) 918-8668 x881
1714,Hester O'Keefe,hester56@bernadine.biz,357-226-7003 x0381
65396,Reanna Von,reanna.von97@georgette.com,1-940-522-4194 x3137
64566,Lawson Stroman,lawson33@cory.net,668.431.5371 x7867
45435,Ezequiel Rosenbaum,ezequiel_rosenbaum96@lynn.info,1-382-834-1775 x752
42402,Kennedi Hills,kennedi_hills@estel.name,573-443-7667 x240
44431,Kameron Brakus,kameron73@burdette.net,535.576.9393 x13912
66744,Caleigh Kohler,caleigh_kohler17@arnoldo.info,1-861-347-9118
75207,Neha Gutkowski,neha38@jaron.name,1-824-788-1111 x5696
57609,Clark Murphy,clark_murphy@sedrick.net,312.250.2258 x0765
34574,Frida Kris,frida.kris@gage.info,1-484-567-0347 x0897
52537,Bianka Sawayn,bianka26@clarabelle.biz,1-233-716-2541 x323
11660,Felipa Dickinson,felipa_dickinson84@raleigh.com,870.262.5713 x27356
84165,Garrick Kub,garrick.kub@liam.net,720-583-6446 x3483
19132,Shanie Crona,shanie_crona@leora.info,287.581.6909
59358,Loyal Schmitt,loyal.schmitt1@trenton.com,230-275-6550
38368,Skyla McLaughlin,skyla84@edward.com,335-520-1225
31398,Mohammad Schaden,mohammad63@dakota.biz,(874) 960-1627 x3585
98511,Samara Jacobs,samara.jacobs10@kenyon.com,901.292.7678
97344,Twila Kertzmann,twila75@markus.com,(251) 348-1112
48243,Lottie Von,lottie46@selina.org,835-572-7861 x922
22678,Ray Bailey,ray2@cedrick.name,532.681.4652 x914
87612,Aniya Kessler,aniya.kessler@anderson.com,(707) 311-0327 x479
36081,Lelah Stroman,lelah_stroman@summer.org,(876) 530-1426
77167,Edwin Rosenbaum,edwin22@danial.name,983-407-2287 x7673
69537,Petra Jaskolski,petra91@alfonso.com,681-621-5689 x99881
70728,Xavier Daniel,xavier.daniel@arlie.org,648-373-9268 x10354
97849,Caitlyn Lynch,caitlyn_lynch13@meta.info,1-335-524-6369
17524,Enoch Huel,enoch_huel68@jolie.name,643.232.8121
5884,Abe Ullrich,abe.ullrich48@elroy.com,(677) 354-0885
61655,Lurline Kulas,lurline58@lenny.net,397-292-5902
96141,Mya Murphy,mya34@javonte.com,993.458.2952
47898,Sadye Rice,sadye_rice@foster.info,1-489-324-3355 x4853
79145,Celia Beahan,celia74@kaelyn.com,277-504-7718 x114
81227,Rossie Johns,rossie.johns56@amya.name,1-392-560-6632
94572,Julianne Lang,julianne.lang84@myles.name,946-728-9955 x221
47632,Danny Toy,danny92@diego.info,960.792.8227 x588
24288,Adrianna Dickens,adrianna11@joesph.info,664-886-1675
96582,Wilfred Boyer,wilfred65@marina.net,(231) 758-8370
36209,Jensen Bernhard,jensen.bernhard59@mariana.org,875-744-2856 x1403
55269,Dahlia Muller,dahlia78@aliyah.biz,930.410.8998 x73182
90872,Chad Champlin,chad_champlin@thelma.org,352-206-1421 x8205
83212,Coty Ward,coty.ward96@justice.name,556.792.1341 x5523
39802,Blanca Halvorson,blanca84@ubaldo.name,763-852-9261 x5533
31561,Corene Trantow,corene77@alessandra.net,(387) 352-1187
6900,Alexandrine Beier,alexandrine15@devyn.org,1-506-725-4957
98113,Andy Goldner,andy_goldner@adam.org,481.850.1743 x62931
64612,Lenora Doyle,lenora75@dayna.net,588.900.1462 x1665
55126,Casandra D'Amore,casandra59@karine.org,(625) 447-9295
79151,Elvie Beatty,elvie51@wilhelm.name,320-253-4933 x67861
51852,Alisa Hoppe,alisa35@sigurd.biz,(653) 702-5870
53685,Tatyana Shanahan,tatyana52@axel.org,(352) 460-8049 x55984
63741,Lisette Bode,lisette.bode93@austen.com,(340) 487-0805
92882,Hildegard Kling,hildegard_kling85@rebecca.net,(709) 764-9732 x286
88012,Jovany Olson,jovany78@rosina.name,251-271-4427
27403,Rachael Yost,rachael.yost@vanessa.info,1-921-874-7163 x63095
62550,Devyn Ledner,devyn69@finn.org,612-927-0972 x91903
11961,Dee Moen,dee_moen@madaline.com,722.867.0258
34187,Miracle White,miracle.white@thea.biz,1-361-745-9560 x362
50867,Lorenz Schroeder,lorenz_schroeder16@augustus.biz,(631) 371-8915
55956,Maybelle McKenzie,maybelle_mckenzie22@donavon.biz,(568) 845-7511
24522,Destini Gleason,destini.gleason@demarcus.biz,(555) 344-6008 x02248
59384,Trisha Ortiz,trisha85@luciano.org,(644) 799-5186 x7427
68061,Viviane Jacobson,viviane_jacobson@ashlynn.name,(364) 864-0468 x02924
4915,Jefferey Sawayn,jefferey_sawayn@susana.com,(583) 608-7919 x32224
66982,Jude Parker,jude68@jordane.biz,321-310-1700
52328,Ralph Kuvalis,ralph56@phoebe.info,1-344-734-6957 x1494
84542,Aubree Blick,aubree47@russ.org,579.674.9808 x11535
41976,Garrick Ratke,garrick_ratke25@ebba.name,824-266-5264
57712,Joy Weber,joy25@shanel.com,(423) 582-5777
39744,Vince Dibbert,vince68@nannie.name,(997) 692-2494 x5810
88280,Lexie Lehner,lexie.lehner67@vicky.biz,1-766-431-6626 x6973
95822,Emil Hand,emil36@alanis.info,788-963-3106 x133
50022,Quinton Miller,quinton.miller58@brenda.com,566-603-5941 x45828
49279,Mitchel Kihn,mitchel_kihn92@nathan.info,943-984-8796 x01315
11623,Robyn Hilll,robyn_hilll@dave.net,1-664-630-5851 x5179
38779,Josh Hills,josh_hills37@lucienne.com,1-912-731-9908
39778,Susana Wuckert,susana.wuckert@asha.net,975.862.5920
76951,Sophie Stoltenberg,sophie.stoltenberg28@devyn.biz,327.479.2890
51793,Roxane Graham,roxane79@trisha.name,769-694-9074 x55639
84666,Lura Little,lura54@earnest.info,742.305.3837
18726,Laila Marquardt,laila_marquardt60@penelope.org,(643) 657-3001
76478,Jerel Bahringer,jerel81@greyson.biz,728.563.1891 x885
29840,Orin Rolfson,orin78@myron.info,211-614-6623 x346
27179,Parker Mueller,parker57@josiane.org,256.327.1818 x707
19671,Trey Leannon,trey91@sylvan.name,457-773-3591 x52038
90952,Dwight Tillman,dwight_tillman18@robb.net,1-299-297-2197 x9095
74061,Willis Hoeger,willis83@alba.info,1-887-824-6749
5267,Vita Barton,vita_barton@floyd.info,(843) 603-4971 x46441
81697,Silas Klocko,silas_klocko90@loy.info,488.859.2476 x7330
20013,Chadd McLaughlin,chadd.mclaughlin@otto.name,529-967-9351 x88726
57687,Robin Kuphal,robin53@jamel.org,(256) 887-0178 x5453
15272,Kaia Johnston,kaia.johnston@theron.net,236.959.7959 x39773
36311,Mozelle Pfeffer,mozelle.pfeffer23@robin.name,898-805-0566
6727,Dereck Kulas,dereck49@jefferey.biz,341.816.8902 x49473
28199,Jeff Jakubowski,jeff19@kristy.org,(284) 557-1306 x236
4523,Camren Jenkins,camren81@sheila.name,746.863.1782 x900
58199,Elliot Baumbach,elliot_baumbach@sadie.org,(248) 586-3126 x0517
79878,Lucinda Roberts,lucinda_roberts@yesenia.net,(895) 837-0514
96382,Edythe Kiehn,edythe53@fritz.net,618.569.4464
77616,Johann Kerluke,johann_kerluke49@aniya.com,1-613-746-8970 x22689
32255,Phoebe Schamberger,phoebe47@kenya.info,1-524-787-4255 x3886
50854,Evalyn O'Hara,evalyn_ohara2@laron.net,1-984-296-8638 x63138
22769,Susanna Swift,susanna.swift@marianna.net,444-825-8569 x36767
56814,Jonathon Considine,jonathon70@albin.com,1-439-530-4891 x2390
41205,Jennyfer O'Keefe,jennyfer.okeefe@jerel.net,(242) 556-2307 x255
48299,Christa Rempel,christa_rempel12@hollie.com,875-778-9593 x86891
73426,Zoe Bosco,zoe76@kaci.biz,503.744.9871 x03541
36773,Tatyana Price,tatyana.price32@thora.org,641-688-8841 x69048
21233,Liliane Marks,liliane58@einar.net,1-697-721-2154 x83005
25995,Alan Donnelly,alan_donnelly9@jamaal.com,266-992-9034
57816,Mireya Jaskolski,mireya95@milton.biz,(705) 810-6098 x15302
42031,Cecile West,cecile_west36@elise.name,(269) 515-7201 x9959
92183,Julien Veum,julien.veum69@stone.org,1-322-267-0007 x005
17014,Giovanny Murray,giovanny.murray@valentina.biz,(408) 827-2886
25082,Alec Russel,alec98@calista.biz,(900) 654-2429
68074,Cale Okuneva,cale_okuneva58@rebecca.org,935.975.0974 x5475
59082,Millie Johnson,millie.johnson@adrianna.name,(445) 346-0579 x1241
65482,Willa Greenholt,willa_greenholt36@krystina.biz,536.452.9231
42518,Rudy Johns,rudy65@janis.net,(697) 518-7877 x489
75631,Lloyd Roberts,lloyd2@wellington.org,393.941.6605 x5461
75592,Pink Hand,pink29@ludie.biz,(380) 694-1797 x42665
98067,Kellen Pfannerstill,kellen.pfannerstill49@eryn.net,1-230-595-3339
17531,Toni Romaguera,toni_romaguera@kaitlin.com,1-612-804-5199
65494,Maribel Boehm,maribel82@elisabeth.org,1-242-818-7526 x4947
75995,Cecelia Nitzsche,cecelia95@greta.net,713-790-0274
62955,Clay Paucek,clay.paucek@vern.net,1-676-330-4846 x711
84102,Gay Morissette,gay_morissette@beulah.net,624.487.5634
20334,Kyleigh Corwin,kyleigh.corwin28@rusty.biz,452.362.6778
5547,Reagan Romaguera,reagan89@shaniya.net,(865) 633-7850 x6987
29750,Santino Emard,santino.emard@adelbert.info,973-223-9840 x003
89002,Madilyn Parker,madilyn_parker8@judy.org,(384) 752-9949 x099
13927,Maritza Powlowski,maritza.powlowski@osborne.org,1-979-328-4765
75834,Austen Bahringer,austen_bahringer@eloy.net,1-788-320-7378 x521
41037,Elza Schulist,elza_schulist@ardella.com,1-377-587-1101
61832,Magali Nicolas,magali.nicolas@baylee.org,918-264-0621
68078,Franz Pollich,franz.pollich@cleta.org,863.838.0312 x98793
16568,Lane Ryan,lane93@nikki.info,249.703.6404
26335,Aaron Reilly,aaron.reilly@dennis.com,1-314-774-8941 x7323
20285,Grady Koss,grady.koss51@alycia.org,634-427-8122 x1616
42767,Isaiah Fritsch,isaiah.fritsch@kennith.net,1-788-449-1446 x4489
16139,Idella Conroy,idella.conroy@joel.biz,1-335-523-2786 x5193
68793,Rosella Jenkins,rosella.jenkins@suzanne.net,748-719-6473 x8397
91147,Werner Thompson,werner56@amie.info,857-877-3304
13006,Mallie Klein,mallie_klein@shad.com,652-922-9458 x561
95344,Karina Stamm,karina.stamm42@annamae.net,1-533-748-5214 x02987
72187,Ora Doyle,ora86@jerel.net,(948) 813-1048
76702,Davin Kessler,davin.kessler@jermey.com,324.761.4552 x5065
64385,Susanna Ondricka,susanna_ondricka@cruz.name,(536) 293-7126
72689,Jazmyne Medhurst,jazmyne_medhurst@kali.name,364-481-2215 x48833
59758,Tod Goldner,tod.goldner13@randy.name,1-388-267-0526 x907
62382,Nigel Schoen,nigel.schoen68@keaton.org,(436) 923-8400 x7288
12228,Marguerite Fahey,marguerite.fahey@bobby.info,336-750-5315
46623,Stacy Effertz,stacy.effertz@adella.info,(418) 477-9530 x58134
81978,London Reichert,london49@elroy.name,604.338.1421 x928
65515,Makenzie Bayer,makenzie42@brooke.biz,1-409-486-9164 x038
98560,Shanie Effertz,shanie_effertz@golden.net,1-675-498-8637 x28444
12131,Johnnie Durgan,johnnie91@jacynthe.biz,1-484-599-5743
71931,Marge Douglas,marge.douglas@demond.net,532-938-1107 x600
40039,Bailee Moen,bailee.moen97@chelsie.net,925-972-6030 x82352
12090,Anderson Connelly,anderson.connelly@tracey.name,716-356-8678
90479,Zakary Cummings,zakary_cummings18@amparo.org,(323) 417-2838 x29691
56106,Ava Considine,ava45@oliver.org,756.709.4346 x57396
89721,Trinity Stamm,trinity_stamm24@delaney.net,(868) 321-4196
70359,Libby Gibson,libby56@gillian.net,422-321-8413
43209,Christiana Marquardt,christiana35@carmen.info,244.334.8800 x19361
84550,Josianne Glover,josianne_glover17@carlo.name,819-325-3889 x67583
47034,Genesis Kautzer,genesis66@kaci.info,(652) 908-9312 x447
2105,Boris Powlowski,boris_powlowski13@mara.biz,810.817.5299 x1013
63191,Jacklyn Christiansen,jacklyn_christiansen@maida.com,248.763.1151 x09732
66855,Addison Kuvalis,addison.kuvalis@gertrude.net,547-340-4138
40467,Mariam Ondricka,mariam63@rubie.name,(590) 966-5092 x318
69069,Samantha Rowe,samantha.rowe@tyler.net,924-555-4827
84433,Neha Lueilwitz,neha14@braulio.org,692.731.9146
12583,Annetta Robel,annetta.robel99@enrico.net,(364) 492-5007
23678,Russel Hilll,russel.hilll@marcelo.info,(644) 867-2243
10090,Casandra Jaskolski,casandra84@ana.biz,776-240-8254 x8323
11175,Tanya Monahan,tanya.monahan@adolf.org,(389) 573-3245
90719,Mason Kovacek,mason55@clemmie.info,(746) 325-9038 x48651
72927,Patricia Crooks,patricia_crooks@filomena.org,871.928.0278 x3201
14002,Dillan Satterfield,dillan_satterfield64@alberto.name,1-786-835-1273 x5079
44331,Arden Hoppe,arden_hoppe19@christopher.biz,1-414-215-6696
27123,Mylene Harber,mylene2@helmer.org,907.958.2635
52000,Kennedy Douglas,kennedy_douglas@jermain.info,447.635.1952 x801
52323,Fausto Bernhard,fausto_bernhard@casandra.biz,372-838-1758 x2237
80366,Theodora Braun,theodora_braun86@shawna.org,501-213-8007 x477
77942,Damon Rippin,damon.rippin70@leilani.com,605-759-7230 x96614
57777,Winona Orn,winona_orn@kiana.net,935-432-5950
2649,Stephan Hagenes,stephan_hagenes92@shanon.name,542-802-4415 x554
95256,Joannie Boyer,joannie3@destany.name,1-981-939-0448 x504
29823,Shakira Olson,shakira68@josephine.net,518.219.6854
27673,Alexandrine Koss,alexandrine98@leopold.com,1-989-675-4748 x7447
1348,Anibal Rau,anibal_rau@glenda.info,397.206.3839
27857,Kellie Weimann,kellie43@loyce.info,730-925-4388 x82871
77287,Reyes O'Conner,reyes.oconner90@alta.com,619.968.6600
72287,Buck Medhurst,buck_medhurst@daija.name,(587) 836-1935
62137,Caitlyn Abbott,caitlyn8@arturo.org,1-595-264-5212 x45583
66183,Alayna Pacocha,alayna21@tressa.org,1-735-237-9357 x71640
56388,Aubrey Robel,aubrey.robel82@donato.name,(307) 715-3747 x27590
65055,Jana Stokes,jana.stokes93@paige.org,(622) 728-2476 x080
677,Maymie Ritchie,maymie.ritchie@johnpaul.biz,1-678-834-2888 x259
74864,Virgie Mann,virgie.mann89@dawn.info,222-655-4920
18153,Cyrus Simonis,cyrus3@selmer.info,471.418.4768
60209,Ellen Boyer,ellen.boyer94@audreanne.org,445.350.6242 x8679
13064,Destin Jacobs,destin69@lucinda.org,604.949.9851
61362,Grace Runolfsdottir,grace.runolfsdottir31@louie.biz,1-676-866-4055
99351,Deontae Becker,deontae_becker@ashtyn.biz,592.770.8896
7648,Akeem Schiller,akeem67@cornelius.info,355-543-6994 x63493
71670,Fiona Vandervort,fiona_vandervort@ericka.net,696-796-0272
81670,Eve Wilderman,eve18@trey.com,(471) 678-0720 x744
78590,Grady Gottlieb,grady87@constantin.name,(543) 631-6982 x97426
40025,Reece Littel,reece_littel68@krystal.name,1-671-865-5323 x712
85968,Emerald Braun,emerald.braun2@verner.org,614-510-0781 x51514
96478,Clovis Balistreri,clovis_balistreri@natalia.name,273.870.4204 x431
20682,Gianni Schuster,gianni_schuster@kole.info,1-488-972-5935 x6070
1400,Darryl Dibbert,darryl_dibbert@francis.com,1-606-998-0539
95737,Bettye Walter,bettye.walter@maymie.com,1-830-679-7516
76479,Jett Ledner,jett.ledner22@kiera.net,539-291-8691 x30859
13220,Michale Dare,michale83@hyman.com,1-933-645-5862 x0316
7137,Nichole Ratke,nichole.ratke5@kira.biz,603.672.5587
86751,Vesta Blick,vesta_blick33@jammie.biz,863.782.9193
8676,Scarlett Hilpert,scarlett.hilpert45@elaina.net,945-480-0821 x8922
4095,Kory Gutkowski,kory55@charlene.net,1-791-821-7449 x410
4292,Fleta Leannon,fleta95@kayli.org,584.795.7776
26186,Daren Kuphal,daren.kuphal@kathryn.net,(390) 737-1237
58955,Maurice Stokes,maurice_stokes33@marquis.biz,244-276-6600 x217
30620,Eve Mitchell,eve_mitchell@maiya.biz,654.372.7747 x90007
98577,Stanton Dicki,stanton_dicki83@marilyne.biz,215-879-9188 x3242
91333,Rick Abbott,rick47@eleanora.info,309-490-3813
52404,Cristopher Bradtke,cristopher74@magnolia.net,415.646.3371 x50857
186,Victor Nolan,victor31@ollie.name,574-563-0109
37460,Ella Gutkowski,ella.gutkowski@hazle.name,(370) 309-2657 x9975
43359,Valerie Kuvalis,valerie.kuvalis@mose.biz,967.345.4877 x838
92906,Breana Langworth,breana85@alta.name,544-816-7662 x8880
40507,Olga Abernathy,olga_abernathy@ashlynn.net,732.274.3404 x827
94280,Alejandra Ernser,alejandra_ernser@naomi.com,586-455-5058 x8502
87776,Cynthia Muller,cynthia.muller36@ali.biz,1-335-963-3263 x978
66893,Bethel Klocko,bethel84@leland.org,634-478-0262 x83262
91531,Pearlie Marquardt,pearlie.marquardt@aurelio.net,1-805-660-0312 x4794
82327,Zackery Ullrich,zackery_ullrich86@maymie.org,(544) 732-7168 x006
66416,Okey Volkman,okey.volkman@gabe.net,602-636-6383 x892
84020,Otis Schmeler,otis_schmeler66@elinor.biz,450.230.9090 x73096
75353,Aric Abernathy,aric_abernathy@dallas.name,657.667.4804
98584,Charles Weber,charles_weber@mohammed.biz,1-412-725-3631
41617,Martine Crist,martine.crist@oscar.info,918-613-8554 x4760
40751,Alexandria Hagenes,alexandria71@simeon.info,(957) 627-2873 x2025
4174,Mossie Lehner,mossie28@ahmed.info,794-810-7191 x6536
21158,Arnoldo Altenwerth,arnoldo.altenwerth33@branson.com,289.943.4923
12677,Frankie Green,frankie78@daisy.biz,(403) 224-7104 x234
37628,Zetta Renner,zetta_renner@oral.com,444.710.4367 x567
84104,Isaac Gibson,isaac27@dock.net,1-547-991-4146 x352
42590,Asia Waelchi,asia_waelchi55@lucienne.info,822-958-3935 x790
3359,Monserrat Frami,monserrat90@crawford.net,767-728-9380
79777,Dion Satterfield,dion59@edd.name,205-457-1909 x327
67285,Okey Morar,okey2@marcelina.net,(315) 661-6653
1752,Emmie Langosh,emmie61@jacquelyn.net,375-916-7256 x60927
69069,Reyes Becker,reyes48@sammy.name,520.649.0641 x4437
97731,Jaden Leffler,jaden_leffler12@jonatan.biz,(552) 755-9543
88127,Madelynn Daniel,madelynn.daniel7@ryleigh.com,657.507.9140 x0250
48754,Willy Becker,willy_becker@edgardo.name,(451) 648-0579 x476
64956,Amari Treutel,amari29@jedidiah.org,454.934.1913
82457,Dedrick Rohan,dedrick_rohan@alta.net,855-630-9165 x20848
60603,Hilton Lubowitz,hilton_lubowitz@tiana.name,(594) 863-4433
54147,Loyal Bashirian,loyal_bashirian@una.biz,201.743.0186 x8464
78911,Rashawn O'Connell,rashawn.oconnell43@emory.com,476-452-4283
55202,Cali Tillman,cali_tillman@tyrique.org,1-739-924-8873
19520,Kaden Bergnaum,kaden36@destiney.com,254.731.2131
77689,Osvaldo Feeney,osvaldo.feeney@juwan.info,679.488.6525
97204,Stephon Berge,stephon.berge93@emanuel.info,(966) 436-3284
5974,Elliot Harvey,elliot_harvey12@elton.biz,333.806.4179
52444,Terry Ward,terry.ward@kathryne.com,545.693.0626 x875
79485,Gust Feest,gust.feest82@rudolph.info,(952) 226-9885 x480
96789,Geoffrey Pacocha,geoffrey.pacocha@abbie.info,677.873.3993
80267,Gonzalo O'Reilly,gonzalo0@manuela.info,1-582-255-8466
85382,Colleen Wolff,colleen79@gordon.org,848.429.0531 x659
51507,Aiden Beier,aiden61@cooper.name,1-745-709-0498 x26569
70003,Randal Daniel,randal_daniel@sigrid.biz,588-280-6440
94290,Leola Smitham,leola96@eduardo.com,357.486.8745 x65791
58279,Kevon Zboncak,kevon.zboncak@scotty.biz,742-474-7240 x37795
99054,Roman Dietrich,roman_dietrich9@ryleigh.com,1-206-323-0196 x082
65436,Hank Christiansen,hank10@lavon.net,991-505-1097 x07612
13829,Bernita Schmitt,bernita51@emmy.name,1-791-404-9305 x0458
5015,Scotty Sawayn,scotty84@billy.name,1-646-710-0584
79723,Magdalen Greenholt,magdalen.greenholt@ova.biz,453.340.8409 x585
14820,Eleanora White,eleanora_white51@delta.net,(331) 223-9222 x222
74847,Sterling D'Amore,sterling.damore@dariana.name,(379) 379-9826
66379,Joaquin Jerde,joaquin78@jada.net,1-567-802-5090 x97582
8346,Novella Gerhold,novella_gerhold23@alberta.biz,766.809.7810
55070,Seamus Hansen,seamus.hansen54@hollie.name,1-236-940-5261 x28172
83732,Addie Schmidt,addie_schmidt@devyn.name,1-693-580-6278 x6272
96271,Alexandria Wiza,alexandria60@rosalia.name,237-682-4311 x92724
93652,Coralie Kulas,coralie_kulas86@marian.org,391-621-0396 x5717
809,Mary Kshlerin,mary51@florence.org,(727) 591-4792
62892,Rosamond Schulist,rosamond_schulist@shania.net,250.767.6806
59139,Jaden Macejkovic,jaden_macejkovic@kara.name,1-433-213-9557 x89873
96153,Abby Barrows,abby.barrows32@brook.biz,759.657.1687
91434,Vivien Leffler,vivien_leffler@raheem.name,893-272-9129 x13730
66052,Hoyt Lubowitz,hoyt65@maybelle.net,813-383-3448 x4270
27132,Alden McClure,alden36@waylon.name,856.869.9079 x327
92956,Kamron Larkin,kamron_larkin@austen.biz,688.336.7059
40358,Vito Grady,vito_grady83@nora.net,993.806.7440 x1928
55441,Kayli Schmidt,kayli92@zechariah.info,1-867-288-0087 x878
21841,Brionna Bayer,brionna.bayer9@talon.biz,281-961-4576 x2126
97681,General Runte,general_runte@lafayette.org,291.304.8227 x7458
17020,Vern Hammes,vern.hammes@jasper.name,649.977.6816
6676,Mara Weissnat,mara_weissnat56@brigitte.net,(540) 967-9353 x21287
97877,Ayana Osinski,ayana.osinski@naomie.biz,1-928-817-2357 x64508
88705,Ali Hand,ali.hand@myra.org,1-870-616-5804 x70098
2090,Ruben McCullough,ruben96@litzy.info,624.516.7624 x25831
98717,Ara Breitenberg,ara91@daisha.net,(278) 314-5836 x6699
63692,Edwardo Mertz,edwardo49@guiseppe.org,546-506-4525 x6857
57494,Elenora Zieme,elenora_zieme@cecile.org,(644) 293-0735 x56470
74879,Sandy Welch,sandy13@carlo.info,622-910-6126
5252,Magdalen Brekke,magdalen6@isabella.name,772.395.1548
64220,Shaina Torphy,shaina_torphy89@alvah.com,491.615.8956 x67687
42811,Rickie Hettinger,rickie_hettinger@damion.name,947-434-1253
3426,Selina Torphy,selina_torphy@ernest.biz,(223) 967-1979
33421,Alysa Swift,alysa_swift@katarina.net,(473) 372-1224
57528,Barry Gutmann,barry_gutmann@scotty.name,1-396-567-4789 x858
80288,Hiram Bins,hiram.bins82@shaniya.biz,292-200-5942 x1189
42854,Dominic Zieme,dominic.zieme@jena.com,(923) 522-5052 x1042
8809,Freddy Collins,freddy_collins@dorothy.com,(643) 642-0137
89691,Toni Stiedemann,toni12@gregorio.name,959.671.7742
9427,Libby Watsica,libby86@garrison.biz,1-382-221-9609 x943
16570,Raven Smitham,raven_smitham92@milo.com,1-548-301-9858 x32718
7632,Karelle Altenwerth,karelle37@terrence.org,1-492-785-8527 x79213
5652,Aaliyah McKenzie,aaliyah.mckenzie47@olaf.net,927.612.1015 x035
14957,Donnell Nolan,donnell38@wilhelmine.net,(591) 216-9245 x3745
39480,Kiarra Russel,kiarra61@julio.net,(662) 545-2056
83588,Armando Herzog,armando_herzog@wilburn.biz,(694) 366-4110 x29945
56634,Vivianne Hilll,vivianne_hilll@jonathon.com,(840) 404-4418
1817,Braeden Kautzer,braeden_kautzer64@jammie.org,713.986.6011 x76266
16702,Juana Macejkovic,juana_macejkovic19@german.org,1-553-621-4847 x0122
22689,Zachery Raynor,zachery65@nicholas.net,496.555.3567 x084
52935,Milford Rohan,milford74@chad.info,964.239.0744
63799,Laron Cassin,laron.cassin@jerald.biz,1-744-316-0984 x420
47091,Kattie Koepp,kattie54@rubie.org,636.645.9491 x78677
67556,Bella Daugherty,bella44@leo.biz,275-444-7757 x38511
33303,Paxton Mitchell,paxton.mitchell1@keagan.org,499-603-7576
34492,Irwin Rice,irwin5@emiliano.com,347.492.4862 x640
61202,Brianne O'Conner,brianne.oconner64@jennyfer.net,(394) 608-5139
57803,Tyra Tillman,tyra.tillman@cullen.net,703-870-3454 x4113
89468,Jaylon Jenkins,jaylon95@celestine.info,342.932.1263 x08222
13474,Jackie Balistreri,jackie_balistreri@corene.biz,334.252.0295
73879,Jasen Mann,jasen.mann33@geovanni.com,(854) 814-5906
54463,Taylor Lehner,taylor_lehner@emerald.org,810-234-9258 x624
69122,Cleora Stehr,cleora53@okey.name,(245) 285-1501
58259,Arianna Mayer,arianna21@milo.name,(683) 534-5842
94331,Karlee Simonis,karlee_simonis@addie.info,(745) 599-6300 x3730
60014,Henry Roberts,henry.roberts14@audreanne.net,1-943-988-1986 x7847
71897,Gaston Schamberger,gaston71@cierra.net,938.903.2423 x4082
24034,Bernadine Greenfelder,bernadine.greenfelder16@madison.info,445-533-4278 x077
34190,Jameson Dicki,jameson13@bud.name,404.970.1879
17968,Monica Barrows,monica_barrows65@daniella.biz,1-802-245-4757
64039,Brannon Stroman,brannon.stroman@maegan.name,(248) 452-4592
40628,Melyssa Kub,melyssa.kub44@alexandrine.info,1-621-386-1460 x7488
95004,Keenan Witting,keenan87@tremayne.net,1-529-821-1929 x198
51050,Joe Baumbach,joe.baumbach43@julianne.net,966.537.8145 x4074
35896,Asha Boehm,asha3@keyshawn.biz,432.739.1951 x0342
7579,Elvera Nitzsche,elvera54@kattie.info,1-210-228-0305 x589
4540,Shakira Huel,shakira83@harley.info,(364) 609-5809 x296
62685,Armando Barrows,armando52@fredrick.org,425-871-9142
47465,Marlee Reynolds,marlee_reynolds88@jeramy.biz,1-513-705-4101 x60420
75907,Lillian Heidenreich,lillian_heidenreich@newton.biz,(553) 728-0361
55227,Stacy Glover,stacy.glover@jonas.org,1-343-247-1339 x371
4183,Mya Stracke,mya_stracke@kaela.com,646-701-0171 x0810
73329,Brook Luettgen,brook.luettgen@lafayette.com,(258) 537-1787
72633,Emilia Klein,emilia.klein68@charlotte.net,(663) 793-2594 x94608
45595,Lenny Fay,lenny.fay39@pink.net,(603) 911-9453 x816
70207,Rashawn Stark,rashawn39@carol.name,817-409-0227 x1631
82873,Emerald Daniel,emerald.daniel@myrna.net,640-886-1590
20422,Seth Glover,seth.glover@horacio.com,633.509.4793
17204,Ana Steuber,ana0@haylie.biz,1-680-968-8266
22263,Sharon Botsford,sharon.botsford@ole.info,613.934.5451 x3670
8650,Bertrand Brakus,bertrand_brakus@marley.net,1-294-393-1894 x348
1475,Bernita Lakin,bernita75@jada.net,655-717-3101
54056,Mark Kunze,mark.kunze@marco.biz,1-429-873-7361
51516,Ray Blanda,ray68@rossie.name,1-617-417-1260 x4032
26378,Quentin Shields,quentin.shields@mario.com,(352) 280-7559 x586
10269,Lysanne Hauck,lysanne_hauck95@daron.biz,(456) 262-1518 x311
88460,Spencer Skiles,spencer_skiles32@stefanie.org,(878) 510-9957
48082,Gerald Beier,gerald_beier94@jessy.name,1-469-767-8558 x010
30777,Troy Labadie,troy.labadie20@donnie.org,258.590.0461 x46346
49115,Ignacio Sawayn,ignacio.sawayn60@laron.name,803.602.5647 x3466
78793,Kay Jerde,kay_jerde@tyra.name,1-472-414-5652 x321
19070,Watson Gislason,watson.gislason@claudia.com,1-253-723-5903 x170
60652,Lenny Gutmann,lenny_gutmann18@darian.biz,405.241.5812
44891,Vicky Strosin,vicky.strosin22@yesenia.biz,965-254-0999 x4473
36671,Norbert Wiza,norbert53@kirstin.org,202-601-6774
4464,Myra Kuhn,myra_kuhn13@trever.org,667.845.0891 x80733
42246,Lilla Feeney,lilla.feeney@tracey.biz,545.568.6951
36053,Waino Abbott,waino67@cassandre.info,358-221-9615 x6535
29795,Jolie Collins,jolie_collins29@bernadine.info,874.739.4149 x71624
23724,Eldred Goldner,eldred33@kade.net,1-516-561-0385
97558,Lyla Hyatt,lyla.hyatt@jessie.org,571.665.8609 x6103
81432,Serenity Lockman,serenity91@libbie.biz,1-511-238-4350 x5811
29786,Rollin Hagenes,rollin.hagenes16@clarissa.com,1-293-780-9249
60417,Lindsey Champlin,lindsey_champlin35@magali.biz,(598) 302-7855 x55294
17173,Margaretta Stehr,margaretta47@dina.name,975-635-1070 x9786
51791,Viva Thiel,viva_thiel46@glennie.biz,1-232-324-4521 x8906
19499,Garland White,garland20@emilio.org,1-788-272-9817
46565,Meredith Lang,meredith.lang@alvera.biz,1-387-361-6270 x47771
71474,Clyde Pollich,clyde_pollich40@alexandre.org,1-552-721-6481 x2092
8793,Reid Bruen,reid42@katelyn.info,431.751.5877 x7192
76178,Madelynn Jenkins,madelynn_jenkins89@jamir.info,(567) 521-4240 x262
92794,Osvaldo Grimes,osvaldo_grimes75@raven.org,455-331-6906 x1243
73634,Myrtle Kuvalis,myrtle_kuvalis@viva.info,1-928-792-5849
8197,Travis Schuster,travis46@marty.com,768-571-0117 x846
40962,Destini Effertz,destini23@britney.org,225.345.9554
66651,Cristobal Bogisich,cristobal.bogisich34@gaston.biz,1-663-904-2670 x300
20525,Nona Marvin,nona.marvin54@jewell.net,1-480-251-5163 x199
45558,Elliott Bosco,elliott.bosco19@kathryne.org,1-309-275-3792 x56255
61146,Tiffany Rowe,tiffany.rowe@bart.info,532-876-8872 x4111
26298,Pauline Mann,pauline74@vena.name,847.425.1091 x7698
44401,Devante Rempel,devante_rempel71@rodger.name,588.906.2352 x10338
27541,Tavares Johnson,tavares97@amie.com,1-429-902-3829
14387,Olen Smitham,olen.smitham85@jessyca.net,729.603.1509 x50560
99064,Antonio Huels,antonio.huels@haylie.info,(624) 465-3837 x74644
50088,Freeman Sawayn,freeman.sawayn@toni.net,1-670-601-1494 x010
87006,Favian Grady,favian25@etha.info,514-390-5941
55060,Saige Kassulke,saige.kassulke@janet.com,1-808-607-1308 x393
76923,Ellis Christiansen,ellis.christiansen11@kelton.net,(790) 315-2724 x32334
66735,Winnifred Bernier,winnifred.bernier@cedrick.com,1-481-561-0669 x84417
41040,Saul Schneider,saul11@eliseo.biz,1-776-324-5192 x4869
79126,Jerod O'Keefe,jerod.okeefe@cristal.net,237.648.8160
1744,Waylon Thompson,waylon.thompson35@barton.net,1-241-943-4808
96825,Hope Murray,hope.murray@luna.org,1-682-887-1963
74896,Alvah Krajcik,alvah.krajcik@winston.name,742-281-6468
95665,Courtney Gleason,courtney_gleason@stephon.net,1-242-358-1071
28101,David Rogahn,david_rogahn77@susanna.org,237.482.7472 x07764
76852,Olaf Spinka,olaf31@rasheed.org,1-514-360-3951 x5339
16835,Rubie Emmerich,rubie.emmerich@damion.com,1-618-855-2082 x5944
96253,Amely Glover,amely_glover92@nelle.biz,1-695-654-1667 x09867
66237,Kiarra Johns,kiarra_johns@alana.org,(983) 924-5927 x1586
12654,Jean Kuhic,jean93@luis.org,(600) 206-1890 x56235
16032,Brent Bechtelar,brent_bechtelar90@lulu.net,525.752.0882 x75704
15170,Josianne Jones,josianne80@nedra.info,1-407-744-9593
90068,Rossie Koelpin,rossie_koelpin@domingo.info,(987) 610-4410 x522
72845,Phoebe Hane,phoebe.hane@keara.name,(269) 867-5454
21119,Violet Christiansen,violet.christiansen@aida.biz,268.367.6103 x388
20174,Trevor Howell,trevor.howell17@leora.name,623-608-7811 x37699
29222,Elizabeth Muller,elizabeth_muller@ricardo.com,826.776.2132
78439,Katrina Sauer,katrina.sauer@ewald.org,(276) 907-8532 x45482
2925,Carolanne Brown,carolanne.brown@alexandre.info,979.880.0307 x63694
62743,Merl Gutkowski,merl_gutkowski2@noe.org,353-894-7564 x2796
11897,Casimir O'Connell,casimir37@elouise.biz,598.807.4992 x1388
92604,Marlon Hoppe,marlon.hoppe@mossie.name,(532) 813-9314 x088
88918,Jerel Fritsch,jerel.fritsch48@koby.org,553-779-6390
54388,Delfina Zieme,delfina_zieme64@easton.name,202-924-3577 x6104
80349,Simeon Feeney,simeon46@shad.net,1-378-939-4571 x159
4359,Faustino Mraz,faustino.mraz@michel.net,768-634-3257 x29728
54108,Eric Nienow,eric_nienow@rebekah.com,(209) 781-3929 x6544
84643,Levi Harvey,levi50@marshall.com,447-883-9883 x4724
73155,Effie Jacobson,effie_jacobson@ulises.name,(922) 338-2891
97249,Neoma Frami,neoma69@jedidiah.biz,514.292.6369
96611,Milo Stamm,milo87@darron.biz,1-908-938-8535
68311,Hildegard Rodriguez,hildegard96@jadon.biz,(665) 898-2911
66527,Carlotta Bartoletti,carlotta_bartoletti82@mavis.biz,1-232-405-8675
65372,Oleta Hudson,oleta.hudson@calista.biz,876-755-0840 x599
81895,Murray Kuhn,murray73@moshe.com,(421) 720-8536 x204
65237,Alexandrea Hirthe,alexandrea_hirthe@emelie.info,(430) 469-2629
40095,Erling Grimes,erling34@jasper.info,(854) 864-8531 x024
11500,Stella Steuber,stella35@nash.org,596.253.5445
68002,Eric Ankunding,eric.ankunding96@lizeth.info,(418) 374-5016 x695
34421,Adah Thompson,adah65@hester.biz,781-954-3472 x1156
34031,Jeremie Bosco,jeremie.bosco74@jena.biz,651.946.2769
22445,Blake Cole,blake.cole39@jared.info,(689) 721-7196
40799,Elsie Klein,elsie_klein50@rubye.info,1-220-525-3847
75665,Ebba Nikolaus,ebba_nikolaus73@pedro.biz,228.552.8525
52295,Kadin Kuphal,kadin39@kathryn.net,442.748.9899 x37176
66746,Curt Kovacek,curt.kovacek@rashawn.biz,363.624.6925 x171
1631,Friedrich Ziemann,friedrich73@webster.com,1-857-218-9685
76412,Taylor Thompson,taylor70@sabrina.org,424-680-0913
8209,Sofia Kuphal,sofia.kuphal@kristy.org,202-753-3938 x002
14455,Hank Beahan,hank73@elwyn.org,(627) 815-5369
2836,Ocie Spencer,ocie18@camren.net,861-755-9921 x18351
60600,Anais Sanford,anais69@immanuel.info,(759) 668-3973
45375,Heath Berge,heath.berge21@ernest.biz,498.510.8499 x4873
5019,Julianne Kessler,julianne_kessler74@gabriella.name,889.259.1587
34727,Claude Walter,claude32@sydni.net,943.914.4457 x628
53387,Jayden Gerhold,jayden.gerhold67@hannah.info,1-359-558-4240 x46608
48776,Michelle Blanda,michelle.blanda35@melyssa.com,(884) 409-1411
75145,Hassan DuBuque,hassan93@malachi.org,(418) 415-6134 x7976
62069,Roosevelt Leuschke,roosevelt.leuschke19@kasandra.net,466-989-1256
61738,Brody Wisoky,brody86@madaline.info,980.325.0173
2408,Llewellyn Schumm,llewellyn49@maverick.org,831-395-7548 x55390
12451,Paula Rutherford,paula85@bell.com,449-219-1546 x32852
29789,Adriel Stracke,adriel_stracke54@marilyne.net,1-549-804-4851 x532
69305,Gloria McGlynn,gloria_mcglynn@fatima.biz,1-887-574-3913
56263,Dorris Waters,dorris_waters29@hilda.com,625.570.1711 x4514
61542,Reymundo Roob,reymundo.roob@quincy.org,1-744-723-7342
25743,Patsy Anderson,patsy.anderson@jordane.net,(750) 308-8385 x5424
23060,Wilbert Sipes,wilbert88@santiago.info,285-398-3427 x74872
99676,Coy Johnston,coy.johnston@gregorio.com,721.896.9865
59048,Luella King,luella_king8@myrtice.name,547-933-7864 x689
94302,Darion Nader,darion82@mortimer.net,1-758-722-1870
46882,Laura Wisoky,laura_wisoky@rodger.net,1-889-677-2373 x448
46031,Euna Lueilwitz,euna90@manuel.name,469.802.6728 x30406
48180,Jamal Moen,jamal.moen@jevon.org,891.645.1854 x97151
66125,Delbert Walter,delbert_walter2@verla.info,1-294-619-6946 x17931
59460,Cyrus Bergnaum,cyrus_bergnaum@lauriane.name,(225) 972-1867 x96362
80336,Delbert Hamill,delbert_hamill9@emily.net,1-761-611-2970 x95753
54977,Charlene Bruen,charlene.bruen88@jackie.biz,(729) 392-5954
18437,Dedric Kris,dedric_kris84@seth.name,403-744-3596 x03184
70066,Ottilie Nitzsche,ottilie_nitzsche@scarlett.com,533.880.1031 x0354
64640,Kelsi Kunde,kelsi95@aliza.net,573-408-8218 x34002
40492,Rex Kutch,rex56@alfonso.com,536.761.7042 x15715
96746,Tess Morar,tess.morar@kareem.name,(676) 378-6857
70233,Clyde Turner,clyde_turner99@kraig.com,(469) 275-7522 x92771
45622,Sean Lebsack,sean_lebsack@nico.net,1-782-869-6191 x3412
78540,Christina Gleichner,christina.gleichner58@floyd.org,1-744-831-7806 x738
25412,Alva Schroeder,alva_schroeder83@keshawn.net,353.316.5216
44185,Adriana Brekke,adriana31@cheyanne.net,1-390-620-6149
87105,Lauren VonRueden,lauren.vonrueden63@kenny.org,311-433-8290 x2846
94020,Alivia Predovic,alivia.predovic@mina.net,1-963-809-7598
77856,Delta Gibson,delta_gibson78@kurtis.biz,731.235.4333 x600
6990,Jon Borer,jon8@johnpaul.name,1-476-359-5438 x2509
19396,Tania Bernhard,tania.bernhard75@otha.info,(898) 516-7016 x295
61334,Ford Schinner,ford.schinner56@seth.com,(879) 348-3822 x24461
18465,Erica Champlin,erica55@magnolia.com,631-354-5907 x671
24807,Jose Bernhard,jose.bernhard@nona.net,1-819-221-7961
61108,Donnell Block,donnell_block@roderick.net,1-619-904-7195
49544,Jamir Will,jamir.will75@danielle.com,1-433-583-2018 x03059
9432,Tessie Abshire,tessie.abshire@alexandrine.com,(829) 938-8925
36344,Brisa Kemmer,brisa_kemmer@richmond.net,1-892-704-6730 x724
90948,Reba Cartwright,reba_cartwright@jaida.biz,415.702.5612
23569,Tito Kuhlman,tito_kuhlman@tressa.info,952-317-5465 x81690
22942,Lucienne Murphy,lucienne.murphy59@madelyn.com,(930) 759-9977
47648,Millie Spinka,millie.spinka@kasandra.org,(922) 808-5381 x5133
60601,Isaias Keebler,isaias.keebler63@ramona.info,294.309.4992 x5004
32240,Annabell O'Hara,annabell.ohara59@jonatan.com,259-460-9069
60705,Walker Cartwright,walker85@aubree.net,809.693.7291
39533,Kurtis Tillman,kurtis_tillman@barrett.biz,262.893.7373 x0424
19496,Oswald Grady,oswald_grady@kenna.biz,789-209-5190 x64252
9361,Jared Windler,jared.windler@karelle.info,655.390.0227 x0916
94348,Eino Sauer,eino_sauer@sandra.com,849.469.0433
47151,Zoe Lowe,zoe_lowe67@cleora.net,(785) 972-3404
85530,Lou Dooley,lou36@afton.biz,1-928-908-1147 x066
28373,Stephen Morissette,stephen.morissette@maria.org,(536) 517-0242 x9024
45786,Hal Spencer,hal22@darion.biz,235.698.4300 x4749
25532,Edna Kozey,edna51@gwen.net,1-696-791-8648
66037,Garnett Green,garnett_green@omer.name,399.443.4970 x036
84086,Eden Hamill,eden_hamill@shanny.org,(519) 788-0459 x508
78776,Leonardo DuBuque,leonardo.dubuque75@molly.net,986.444.7844 x66552
50642,Jessy Schulist,jessy.schulist@baylee.biz,(350) 664-2374
29870,Dee McKenzie,dee.mckenzie85@madeline.name,1-572-581-5195 x930
92983,Ilene Gerlach,ilene.gerlach88@sandrine.net,1-900-980-3131
15426,Golden Cartwright,golden.cartwright17@carleton.org,(593) 552-9098 x5079
70700,Gennaro Tromp,gennaro_tromp92@ava.info,1-891-239-0001 x09860
92924,Raegan Sauer,raegan75@carlo.biz,(311) 972-3242 x960
5659,Lazaro Gottlieb,lazaro_gottlieb9@wanda.info,881.302.2448 x560
55073,Kaleb Schultz,kaleb_schultz61@marques.org,1-561-313-4277 x0445
92330,Darius Jaskolski,darius73@justus.info,898.714.9567 x2687
89130,Rodger Hand,rodger.hand40@isaiah.net,1-866-284-3032
14026,Landen Torp,landen_torp@emelia.name,(935) 435-2305
82864,Beatrice Sauer,beatrice.sauer99@nico.name,419.950.5488 x6114
42558,Sally Durgan,sally29@alford.name,(479) 985-4586
87290,Okey Nader,okey_nader@aiyana.name,(944) 771-9155 x2110
4433,Gussie Kautzer,gussie_kautzer3@maurine.info,774.742.8157
33833,Joaquin Kutch,joaquin16@noble.com,(232) 659-2734 x46329
20049,Samir Pollich,samir.pollich@lucinda.com,923.433.9997 x1365
89336,Andreane Yost,andreane_yost@gianni.info,453-349-0987
87268,Isabelle Baumbach,isabelle28@lane.biz,497.470.0009 x9564
28672,Kaela Hand,kaela.hand22@tia.info,581.544.2234
53074,Salvatore Schuster,salvatore47@cordell.com,685-655-9634 x02082
2765,Emil Gorczany,emil_gorczany@florine.net,(651) 378-2367 x866
11785,Jerad Toy,jerad.toy@jordane.com,431.890.3645 x486
67832,Abbie Kuhic,abbie27@camylle.net,891-952-1071 x17039
54446,Elody Boyer,elody56@brianne.org,1-635-214-4475
57843,Morgan Strosin,morgan_strosin@delilah.net,(918) 539-9931 x51974
8111,Dan Prosacco,dan.prosacco24@esperanza.com,1-841-545-7095
44881,Murphy Luettgen,murphy.luettgen@samantha.name,618-504-0626
78039,Noemie Crona,noemie_crona38@alice.biz,452.606.7012
6224,Reynold Ruecker,reynold_ruecker@bulah.info,733-735-9582 x622
42774,Ransom Schneider,ransom.schneider@sydnie.info,(843) 814-2090
30772,Jarret Johnston,jarret_johnston@maiya.info,828-694-2420 x51955
52010,Edwardo Bernier,edwardo34@timothy.com,1-766-242-7069 x7162
22100,Dayne Stiedemann,dayne_stiedemann@okey.org,1-700-920-1019 x8730
65856,Forrest Breitenberg,forrest.breitenberg@ethyl.net,486.785.8150 x27831
60234,Durward Feest,durward.feest@mario.com,902-786-5476 x25261
23296,Maci Olson,maci1@alayna.name,501.681.9975 x1261
54005,Darrion Ankunding,darrion.ankunding20@rocio.net,986-666-4071 x117
69173,Berniece Gottlieb,berniece.gottlieb@muriel.biz,1-898-458-5203
75372,Mellie Wiegand,mellie.wiegand53@sydnee.net,291-939-4916 x3730
31263,Alivia Runolfsdottir,alivia7@jayme.name,686.693.1467
14004,Ara Larkin,ara_larkin@garrison.info,1-793-766-5728
71030,Nikita Kerluke,nikita_kerluke@shemar.com,531-802-0775 x871
14774,Romaine Gusikowski,romaine78@wilford.name,729.958.5366 x8263
52356,Napoleon Hoeger,napoleon_hoeger@ted.biz,310-404-2684
55869,Emile Jast,emile91@turner.biz,(429) 583-1546 x7069
93042,Jace Mitchell,jace.mitchell@minerva.biz,355-761-4310 x32045
25029,Rowena Reinger,rowena51@marcellus.name,(387) 504-9570 x14341
83108,Deangelo Dickinson,deangelo55@bert.org,1-797-218-9184 x72936
96390,Susana Hackett,susana.hackett@ignacio.net,(774) 754-1550 x1227
28161,Agnes Botsford,agnes_botsford@avery.org,1-234-807-6104 x9210
87964,Avery Rogahn,avery11@danny.info,293.292.9917
58340,Clotilde Larkin,clotilde.larkin11@dameon.name,1-311-791-1587 x406
64880,Mae Harber,mae_harber61@antwan.name,584-304-2234 x251
52220,Ariel Bode,ariel2@mae.info,(877) 388-7374
47823,Halie Kuhic,halie.kuhic@jensen.net,701-473-9617
61006,Cristian Doyle,cristian_doyle51@carlee.name,1-748-358-1221
32923,Gregorio Schultz,gregorio.schultz@adolf.info,309.201.0444
71712,Luigi Thompson,luigi.thompson66@tierra.info,315.515.1899 x3484
49234,Estell Mitchell,estell.mitchell72@mariela.name,654.474.3049 x8968
46587,Danika Kshlerin,danika_kshlerin@brandyn.net,358.311.9918 x514
9776,Magnolia Dickinson,magnolia65@patricia.net,(431) 854-8232
33744,Carli Wolff,carli.wolff@kali.com,935.637.8939 x03155
91763,Ramiro Funk,ramiro_funk14@verona.org,855-807-3967
76197,Eliseo Bednar,eliseo64@jamison.net,1-267-210-1149 x57211
20932,Howell Crooks,howell.crooks16@trever.biz,1-579-980-4715 x3199
72338,Shawna Turner,shawna.turner@genoveva.net,671-709-7987
54310,Randall Kris,randall_kris59@mariam.com,1-783-998-8180
24198,Gianni Stark,gianni.stark@evie.org,278.891.0225 x10329
49893,Julian Kshlerin,julian.kshlerin@brenda.name,1-893-919-0612 x453
40291,Craig Fisher,craig.fisher@libby.name,(403) 996-9587 x5722
47456,Godfrey Moore,godfrey16@tanya.name,1-251-406-6317 x07020
72719,Lesley Kassulke,lesley10@hannah.biz,693.889.1414 x210
29789,Mark Strosin,mark.strosin@magali.net,(655) 559-9648 x2452
58970,Keenan Ryan,keenan61@zackery.biz,942.624.8509 x84601
41719,Tyshawn Keebler,tyshawn.keebler@abner.com,716.897.5525 x09855
14399,Rex Gleichner,rex.gleichner@callie.org,1-943-474-9136
57239,River Crona,river44@carlo.info,(972) 761-9253 x9832
67028,Aidan Konopelski,aidan67@amos.name,362-646-6805
90584,Raoul Ernser,raoul.ernser@clare.name,222.552.8159
80425,Anjali Kohler,anjali84@nash.com,1-962-254-0644 x34330
36603,Lincoln Conroy,lincoln49@garrick.info,(416) 832-1053 x013
68521,Isabella Buckridge,isabella89@issac.biz,285.484.7400
72937,Jonathon Borer,jonathon.borer@ryley.com,1-566-356-8307
96708,Miles Wunsch,miles_wunsch@desiree.net,936.844.5389
94081,Imani Greenfelder,imani.greenfelder@ona.name,(853) 843-5102 x6238
39294,Lizzie DuBuque,lizzie.dubuque@jerel.biz,665.772.0987
66714,Emmy Heller,emmy_heller42@tyrese.info,803-287-5901
13507,Emmanuelle Kirlin,emmanuelle_kirlin98@ollie.net,1-429-208-9763 x30188
12559,Delia Crist,delia.crist34@miller.biz,638-645-9354
840,Tremayne Wintheiser,tremayne.wintheiser45@emely.biz,587.895.8203 x04072
51113,Waldo Auer,waldo_auer@devon.com,584-385-6263
66066,Abagail Koepp,abagail50@jany.net,1-872-242-4591 x22360
42015,Kennith Runte,kennith.runte@ryan.info,1-777-738-6595
28543,Kennedi Hirthe,kennedi64@christ.org,271-535-3573 x693
32132,Bertrand Zulauf,bertrand_zulauf82@mina.com,588.368.2678
35697,Kayleigh Koelpin,kayleigh.koelpin89@perry.info,921.617.0681 x15007
52551,Elbert Zieme,elbert92@clementine.name,1-739-701-6892 x03837
78104,Davon Miller,davon_miller20@glenna.net,(910) 319-7549
45229,Laurence Crooks,laurence_crooks@bernie.info,435.958.6745
13027,Brooks Glover,brooks_glover@coty.info,1-706-573-5065
25041,Danyka Balistreri,danyka_balistreri81@teresa.info,345-466-8804 x11673
97496,Fidel Carroll,fidel_carroll56@nat.info,443.433.6890 x09547
94914,Americo Gusikowski,americo45@gerhard.net,1-853-215-3680 x7024
75648,Enrique Bruen,enrique_bruen96@raleigh.biz,738.853.9003 x06378
56757,Camylle Hyatt,camylle32@karlee.org,1-283-256-7111
34387,Jasen Yost,jasen.yost@arvilla.net,1-518-995-8737 x28494
15282,Tess Sanford,tess34@ashlynn.org,877.370.2434 x205
79990,Dorian Greenholt,dorian4@jamel.org,450-345-8852
95282,Carole Cummings,carole48@virgil.net,609.486.3328
16089,Jaycee Will,jaycee.will@brady.org,263.518.7593 x98915
71373,Rick Wisozk,rick.wisozk@beau.org,866-490-1217 x9358
37302,Warren Shanahan,warren.shanahan80@mallie.net,(535) 326-3706 x35002
93583,Kay Balistreri,kay.balistreri96@vicente.biz,391-360-9376
94297,Claudine Reinger,claudine.reinger@devon.biz,1-882-713-9133
97124,Maryjane Ritchie,maryjane.ritchie@pearl.name,1-618-611-7622 x8295
13169,Alysa Harvey,alysa_harvey@courtney.net,(267) 773-0019 x17355
54369,Fausto Blick,fausto.blick@erik.net,(907) 958-4625
94414,Dariana Denesik,dariana90@cassie.org,468-557-7664
4989,Laron Bednar,laron_bednar0@ted.org,962-592-2047
27061,Edyth Little,edyth_little12@eino.org,1-448-369-2079
48720,Brian Grady,brian_grady42@hershel.net,(478) 813-7070
32991,Glenda Hoeger,glenda45@johathan.com,234-729-1682
29027,Guiseppe Schamberger,guiseppe.schamberger@reynold.info,509.474.1662 x28699
63707,Kasandra Kuhn,kasandra_kuhn@adaline.net,790-280-9280
81827,Willis Kuphal,willis.kuphal62@zander.info,1-405-241-2418
72293,Hilton Barrows,hilton_barrows@victoria.biz,373-852-2466 x2194
98912,Verdie Ziemann,verdie88@schuyler.biz,1-356-933-3900
24775,Emerson Beatty,emerson9@franco.com,648.484.0679
37761,Edyth O'Kon,edyth_okon2@jimmy.net,852.252.5050
22873,Maegan King,maegan_king@hazel.info,(949) 937-8098 x39516
37833,Elza Kuhn,elza98@della.org,(915) 337-3946 x84185
27144,Dahlia Cronin,dahlia42@aditya.net,1-995-250-6209 x285
48244,Callie Daugherty,callie22@hazel.biz,1-911-218-6321 x7451
67912,Rubye Yundt,rubye.yundt@makenna.name,528-564-9496
60247,Selena Skiles,selena_skiles76@kayli.info,(930) 677-9029
94445,Wanda Kling,wanda.kling@allen.info,1-486-460-4215
23193,Anna Langosh,anna_langosh57@caleigh.net,827.454.5216 x6636
81426,Kayla Romaguera,kayla15@garnet.name,(584) 313-9276 x49753
27238,Rafael Fahey,rafael_fahey33@donavon.name,1-802-847-1806
60575,Jakayla Sawayn,jakayla53@grayce.net,265.539.8518
15286,Tristin Ondricka,tristin50@effie.info,1-649-935-3205 x921
13211,Buford Powlowski,buford.powlowski45@ryleigh.biz,1-785-644-8316
55924,Hillard Herman,hillard.herman21@waino.info,(827) 757-5120
96200,Evert Wisoky,evert_wisoky50@kraig.biz,1-744-705-2173 x533
72553,Elton Rolfson,elton35@elyse.com,452.232.9057
64061,Heloise Berge,heloise.berge21@althea.biz,343-521-7544
62830,Tristin Powlowski,tristin.powlowski@reta.net,1-452-541-4680
12142,Brianne Stokes,brianne_stokes93@berenice.biz,499-543-6781 x101
91747,Norbert Zboncak,norbert_zboncak53@antonina.biz,275-296-5665
68673,Breanna McLaughlin,breanna_mclaughlin59@milford.net,711-960-4591
45416,Cassie Hamill,cassie92@harrison.info,410.642.3465
5980,Abigail Gorczany,abigail_gorczany@ollie.name,1-545-646-9107 x61267
86799,Regan Jenkins,regan_jenkins@bryana.biz,1-408-321-4307
7031,Maia Rowe,maia.rowe@norberto.com,852-262-6797
15975,Jamey Bayer,jamey.bayer@josue.com,1-391-970-0550
95094,Jammie Bednar,jammie_bednar@aditya.biz,203-252-4243
79562,Chadd VonRueden,chadd76@vladimir.com,525.452.1773 x701
42792,Tomas Grant,tomas_grant@lorenza.net,1-419-963-5316
70557,Alda Bernhard,alda.bernhard@marshall.info,(470) 676-9363 x360
63955,Jaylan Rath,jaylan.rath86@fermin.com,558-618-2674 x78066
95820,Brooklyn Hudson,brooklyn89@keshawn.net,(355) 732-6497
97840,Junius Sporer,junius22@keagan.name,(917) 748-6777 x80250
71212,Norene Runolfsdottir,norene8@seamus.org,(517) 837-5621
97466,Josiah Koss,josiah_koss35@elda.info,1-476-425-1007
55622,Kara McCullough,kara_mccullough31@euna.net,1-388-244-4507 x661
61468,Haylee Dooley,haylee65@shawna.info,(312) 933-8645 x65418
126,Laurel Ziemann,laurel9@zackary.name,(850) 573-1019
37101,Carmelo Waelchi,carmelo.waelchi26@buford.net,(444) 545-7955 x7985
56571,Francesco Hyatt,francesco26@della.name,217-999-5001 x03307
12612,Willis Hintz,willis24@ezekiel.name,509.677.1739 x46355
47790,Elyssa Collier,elyssa_collier10@amaya.name,1-208-869-4551 x94819
76240,Cecilia Thompson,cecilia7@destinee.name,1-493-858-4418 x252
93238,Royal Bergstrom,royal_bergstrom@earline.com,689-598-6481 x01265
75732,Gabrielle Mante,gabrielle10@darius.net,327-998-4281 x80760
72635,Lisandro Ernser,lisandro_ernser@bettye.com,1-441-688-6964 x95654
20259,Jayda Huels,jayda.huels36@blake.net,(382) 621-8360
33962,Barry Schimmel,barry_schimmel@nicolette.name,277.662.4569 x8386
21049,Bret Breitenberg,bret_breitenberg@gabrielle.info,240.794.9735
71263,Myrtice Schuppe,myrtice_schuppe73@vivian.name,1-447-643-2885 x3474
32914,Sidney Wisozk,sidney_wisozk17@patrick.com,726.759.1822 x337
84660,Jaren Wilderman,jaren.wilderman@orrin.com,777.969.2841
57304,Brennan Schoen,brennan_schoen76@delphia.org,(417) 311-3002 x43861
23823,Waino McCullough,waino97@toy.name,332-613-9553 x6281
34557,Kennedy Baumbach,kennedy_baumbach@darryl.com,1-853-351-8616
11762,Jaqueline Douglas,jaqueline40@barney.biz,1-809-720-2160 x1282
50008,Ernest Crooks,ernest_crooks0@eleanora.com,629.976.4468
72678,Anibal Kautzer,anibal.kautzer@maverick.com,305-457-2385
97961,Pietro Paucek,pietro.paucek69@lina.biz,300-428-7958 x624
62190,Sadie Brekke,sadie_brekke59@santino.org,1-468-964-6458 x605
29045,Chloe Muller,chloe_muller35@devin.com,411-962-1926
33631,Rafaela Waters,rafaela.waters79@crystal.info,894-678-8703 x235
53854,Jalon Breitenberg,jalon24@herta.name,976.262.7348
33444,Marquis Simonis,marquis.simonis26@arne.name,994.486.4911 x97353
78310,Araceli Macejkovic,araceli_macejkovic21@karli.info,819-333-3104 x6300
50225,Lulu Conroy,lulu.conroy@mikayla.org,1-260-214-7681 x398
87906,Kenyatta McCullough,kenyatta_mccullough@susanna.com,547-401-3343 x79727
18976,Ryan Welch,ryan48@brando.net,731.436.8255 x2257
44307,Mohamed Schinner,mohamed_schinner0@alysson.name,754.578.7709 x48970
28319,Francis Mante,francis55@joseph.biz,(736) 238-9903 x41972
66296,Florida Anderson,florida_anderson7@keith.biz,(238) 825-0636
42130,Stacy Grady,stacy_grady@anika.com,967.229.8597
43776,Bruce McCullough,bruce_mccullough@howard.org,727-774-0050 x71140
22256,Lesley Beier,lesley_beier43@sid.biz,(864) 988-2250 x4765
87630,Yazmin Marquardt,yazmin66@emiliano.name,(352) 464-0302 x80778
18491,Lilian Goodwin,lilian_goodwin70@joey.name,(904) 226-1545 x101
68447,Kennith Kreiger,kennith8@hellen.info,410-992-0951
37499,Mallory Miller,mallory.miller@benny.info,1-417-348-2573
56532,Gino Hettinger,gino.hettinger70@lyda.com,397.481.3948 x04874
42433,Demarco Sanford,demarco_sanford@marilie.net,573-675-1629
85923,Kaleigh Adams,kaleigh.adams@brielle.net,(531) 223-3871 x2169
53262,Wilber Stark,wilber26@josiane.biz,1-313-786-0137 x36562
40917,Rickey O'Connell,rickey4@oswaldo.biz,(202) 396-6992 x8329
79356,Cade Marvin,cade_marvin17@annabell.com,348.938.8810
65983,Lee Harber,lee_harber@ken.biz,(709) 916-7994
29589,Mattie Strosin,mattie.strosin48@ramiro.biz,1-687-697-4374 x647
19533,Jean Wiegand,jean_wiegand@pinkie.com,218-722-5391
85702,Savanna Gaylord,savanna2@junior.org,575-678-1352 x889
93559,Jamal Kulas,jamal56@delphia.biz,836-724-5583 x196
33636,Franco Treutel,franco.treutel@jerod.com,(802) 451-6765
48683,Malinda Dicki,malinda.dicki@avery.info,(264) 523-2845 x248
85338,Danyka Jakubowski,danyka_jakubowski26@wallace.com,204.854.5519
22968,Michele Nikolaus,michele33@bettie.name,442.481.2712 x8061
62736,Maia Mitchell,maia_mitchell74@wilton.name,(683) 794-5121
71882,Maybell Zboncak,maybell.zboncak@marge.name,(264) 367-8608 x8487
56546,Maximillian Spinka,maximillian_spinka43@alvis.com,1-273-387-2722 x30000
75338,Naomi Champlin,naomi3@grayce.org,294.537.3200 x533
31373,Jada Sawayn,jada.sawayn2@kaylin.net,(235) 314-6472
10458,Minnie Mante,minnie65@jerome.org,(928) 217-3964
95534,Darren Brown,darren_brown33@melvin.org,211-665-3899
39239,Elisha Strosin,elisha.strosin76@mikel.com,1-347-520-9681 x7182
29260,Akeem Casper,akeem61@kathryne.info,(786) 846-9865
76608,Otho Green,otho72@hazle.net,259.984.1560 x949
35870,Santos Kling,santos29@jeromy.info,924.638.6690
83470,Cade McClure,cade43@napoleon.net,1-629-802-2275
47419,Braeden Runolfsdottir,braeden.runolfsdottir@zaria.name,(704) 406-2347 x28673
49309,Allison Walter,allison.walter43@marian.com,628-848-7725 x52913
456,Nathaniel Jacobson,nathaniel.jacobson@peter.net,1-310-928-0094
73887,Ryan Murazik,ryan_murazik53@deon.name,935.759.1003
1371,Wade Pacocha,wade92@hannah.biz,689-709-0259 x021
95255,Fiona Kemmer,fiona_kemmer89@chester.org,312-505-9564 x025
44012,Perry Steuber,perry_steuber69@gladyce.com,1-718-553-0854 x2112
9661,Aditya Shanahan,aditya_shanahan@kevin.net,993.353.8133
2031,Anabel Streich,anabel_streich@evan.name,818.923.4014
16740,Hollis Farrell,hollis.farrell17@gage.com,982.857.0782 x54164
45400,Aglae West,aglae_west37@sedrick.net,684.467.4585
82507,Jeromy McGlynn,jeromy77@jaquelin.net,(460) 266-0716 x965
96226,Peyton Skiles,peyton.skiles@rosa.name,714.892.7658 x2701
58089,Arnold Schumm,arnold24@lorna.biz,(470) 942-8448
57098,Lorenzo Padberg,lorenzo82@ruth.net,915.458.3918 x83285
41210,Aaron Glover,aaron.glover92@dock.info,616.777.0829 x40017
66090,Serenity Corkery,serenity_corkery@hyman.name,(526) 747-6047
92765,Vidal Leffler,vidal.leffler@karley.org,1-289-825-8011 x4099
98163,Tomasa Carter,tomasa82@kavon.net,(611) 452-8773
83572,Vance Yundt,vance.yundt43@michaela.biz,(625) 471-1756 x06864
33276,Ola Hyatt,ola_hyatt@jayme.net,1-984-423-6365
31134,Cleora Kemmer,cleora.kemmer3@damon.biz,1-877-680-9236 x450
57162,Kiara Glover,kiara.glover39@maximillia.name,1-821-747-7131 x619
12585,Barrett Daniel,barrett.daniel@javier.name,347.244.3642
56038,Stone Halvorson,stone.halvorson@janice.name,1-334-789-7134
65780,Dan Walker,dan.walker16@vada.name,1-448-874-8004 x21339
73148,Nola Koelpin,nola77@bria.biz,789.896.8286 x5114
90630,Ralph Lang,ralph.lang@grant.org,225-602-4484 x936
54981,Myron Wiegand,myron25@vidal.info,757.613.7522 x481
34030,Vivianne Miller,vivianne.miller85@rafaela.org,318-281-0746 x530
68526,Marian Roberts,marian_roberts90@wendell.net,(461) 773-8263
45578,Macey Corkery,macey81@nicklaus.info,1-539-352-9024
59401,Jarrell Williamson,jarrell79@euna.biz,262-868-4432 x393
53169,Tiffany Hudson,tiffany_hudson@adonis.com,636.583.9802 x5726
67636,Rosalyn Heidenreich,rosalyn_heidenreich59@mia.com,217-565-0434 x493
97915,Arianna Botsford,arianna90@isaias.net,536.513.9217 x22463
75802,Tiana Zemlak,tiana27@jason.name,1-936-751-0441
82520,Wilburn Hartmann,wilburn55@ernesto.info,564.415.7924 x484
47933,Justus MacGyver,justus.macgyver@hollis.com,1-685-560-7607 x1606
22960,Naomie Ledner,naomie65@dayton.com,1-645-672-1515 x274
15788,Rollin Hodkiewicz,rollin.hodkiewicz@whitney.com,550-272-1489 x25527
28951,Connor Johnston,connor_johnston@aditya.name,782.319.9202 x31416
47661,Lucy O'Reilly,lucy_oreilly@sierra.com,934-981-0627
30610,Hollis Kuphal,hollis71@orpha.name,1-837-303-2510
80089,Alford Koepp,alford.koepp62@zita.biz,739.812.5355
135,Cletus Adams,cletus_adams62@garrison.net,835-990-7067 x08981
71751,Fiona Turner,fiona.turner@ignatius.name,1-949-458-1884
15753,Ivy Berge,ivy_berge@angelo.info,729-404-3469
12130,Ernie Adams,ernie98@damian.info,320-772-9275 x443
83827,Dannie Weber,dannie42@ines.info,1-442-669-1229 x111
3640,Caleigh Dietrich,caleigh_dietrich@albin.net,1-934-209-8399
30379,Shayna Thiel,shayna29@jackson.biz,373-529-7824 x279
88460,Thelma Bednar,thelma_bednar24@leanne.biz,346.888.0537 x67111
5601,Eliseo Roberts,eliseo_roberts@georgette.com,459-679-2986 x13571
36192,Issac Larson,issac28@arvilla.info,368.929.0670 x772
53436,Eduardo Huel,eduardo.huel@cruz.info,462.994.3901
87624,Krystal Hirthe,krystal.hirthe40@kane.biz,(269) 443-2701 x187
29643,Haskell Kassulke,haskell53@rex.info,1-255-848-4740 x9639
36158,Jo Windler,jo.windler62@mckenzie.net,954.292.1686
90839,Cullen MacGyver,cullen_macgyver14@bridie.biz,600.506.8467 x348
32322,Mafalda Stark,mafalda.stark99@kellen.net,242-883-8795
99834,Jessie Kuhn,jessie37@bonita.com,(666) 590-8562 x236
11662,Carissa Shanahan,carissa.shanahan89@teresa.org,1-211-468-8992 x3813
30042,Pierre Oberbrunner,pierre50@ned.net,1-686-274-7438
33149,Kendrick Jacobi,kendrick87@elda.info,(746) 255-1847 x3900
76671,Felton Dooley,felton.dooley5@sydnee.com,571.995.9918 x815
213,Erin Boyle,erin27@eden.name,1-684-356-9615
71232,Jean Gutkowski,jean_gutkowski27@rafaela.com,1-575-549-2815
28585,Isabelle Crist,isabelle.crist48@noah.info,790.791.5006 x16323
92783,Aaron Hudson,aaron.hudson13@hardy.org,661-700-5322
70205,Donald Gusikowski,donald_gusikowski24@earl.org,1-450-961-1809 x620
54471,Rusty Wiegand,rusty22@dorris.net,614.408.7960
67413,Gerard Kuhic,gerard1@missouri.net,1-842-467-2397
75602,Nash Dooley,nash49@lizeth.info,(246) 584-8574 x9977
45868,Garrett Tillman,garrett_tillman44@frida.info,427-843-3384
25206,Watson Bartell,watson43@yolanda.net,(271) 547-3942 x90302
45007,Rachel Hintz,rachel.hintz@claire.org,(334) 205-6404 x32675
30215,Shanna Hayes,shanna93@orrin.org,478-664-3989 x76217
98787,Kelley Weimann,kelley.weimann93@darwin.biz,1-726-643-9371 x506
68865,Alta Hackett,alta_hackett75@mackenzie.org,(924) 776-7202 x45376
15436,Clifton Hirthe,clifton76@kraig.info,1-515-247-1281 x034
14569,Addison Grady,addison57@ahmed.name,(621) 707-4857 x139
10398,Lucy Wuckert,lucy.wuckert78@barton.net,298.993.7968
99380,Mollie Fisher,mollie73@arno.net,(463) 397-1904 x716
86759,Arvilla Labadie,arvilla.labadie@darwin.biz,(802) 392-3534
87106,Fleta Connelly,fleta_connelly@brendan.org,1-763-815-0321
70166,Makenzie Bartoletti,makenzie_bartoletti@adolfo.org,409.595.5903 x94912
45707,Arvilla Ziemann,arvilla56@ethan.org,1-449-514-1322
87474,Thora Stokes,thora_stokes@dimitri.org,1-873-767-7293 x01296
24553,Haylie Franecki,haylie.franecki74@gudrun.net,339-571-6816
4271,Moises Schmidt,moises_schmidt@jerry.com,646.827.7691
46453,Dorothy Lindgren,dorothy.lindgren@cleo.biz,(431) 669-1163 x00321
91301,Saige Senger,saige83@gwendolyn.net,(754) 769-2850 x9078
4892,Quincy Jacobi,quincy50@nicholas.name,(924) 455-9482 x980
12739,Wendy Jones,wendy.jones@dwight.net,1-233-518-1618 x421
94103,Alfreda Hartmann,alfreda_hartmann50@stephan.biz,573.390.3442
93555,Dereck Doyle,dereck.doyle@favian.biz,1-358-526-1677 x466
29559,Rick Pagac,rick96@justina.net,(222) 503-9784
55567,Elta Walter,elta_walter@dorthy.info,(754) 201-9776 x21317
76388,Neha Wunsch,neha_wunsch@dewitt.net,1-699-956-8759 x85293
62445,Clara Toy,clara30@bailee.org,490-963-5257
429,Liana Runte,liana61@mozelle.org,212-339-2150
51603,Breana Gislason,breana_gislason@evert.info,264.616.3345 x232
69014,Luz Nitzsche,luz.nitzsche@corene.name,317.684.2343 x276
15084,Delbert Hagenes,delbert.hagenes9@frieda.name,(770) 732-2442 x14973
40006,Price Corkery,price85@melyna.org,(974) 638-2000
79607,Perry Turcotte,perry_turcotte@ramona.name,498.209.7877 x60463
62830,Velda Volkman,velda16@garrison.net,738.850.4361
18557,Raegan Gibson,raegan.gibson97@henri.name,868.414.5412 x6715
82426,Autumn Ullrich,autumn15@hosea.biz,497.799.4336
94254,Maribel Ondricka,maribel.ondricka39@sam.info,634-734-8881
4996,Glen Rath,glen33@dora.com,(951) 387-1253 x73050
63415,Napoleon Shields,napoleon64@aric.net,310-309-1767 x8868
8193,Cali Baumbach,cali26@dolly.net,1-979-277-7366
29203,Orion Nolan,orion_nolan97@citlalli.info,799-236-0351 x777
905,Rafael Sawayn,rafael_sawayn@giovani.biz,496-641-1007
53620,Rosemary Murazik,rosemary6@rahsaan.com,245-540-9037
14070,Ayden Collins,ayden32@emmanuel.com,398-442-9468 x61752
2660,Loy Marks,loy_marks61@eryn.name,303-430-0375
17923,Krystina Bauch,krystina_bauch@mariah.com,504-476-6842 x22487
10785,Werner Lang,werner.lang@tom.name,242.671.2463
40487,Sheila Roberts,sheila.roberts@colby.com,(672) 225-2365 x830
7219,Rhea Haley,rhea.haley@vada.net,(532) 596-2371
81986,Adriana Reichel,adriana.reichel60@elaina.name,(242) 845-0130
82589,Bettie Keebler,bettie_keebler@aurore.net,(359) 963-1098 x870
53537,Eloy Murray,eloy_murray@heber.name,883.899.5527 x838
80815,Arvel Feeney,arvel98@keara.com,(775) 292-9042 x882
80949,Hulda King,hulda79@bonnie.biz,(340) 698-7400 x80112
69148,Janelle Becker,janelle12@amos.net,977.453.3766
31436,Coleman Stanton,coleman_stanton@geovany.com,553-631-2523
5141,Thelma Reinger,thelma.reinger64@heather.biz,(479) 464-7386 x0564
26341,Delbert Schuster,delbert.schuster@adrian.com,931.999.5397
67511,Leslie Nienow,leslie79@rupert.info,931.737.0198 x8303
15805,Henri Armstrong,henri55@candido.net,517.445.0630 x0375
26953,Leonardo Powlowski,leonardo57@arianna.net,(653) 745-2981
38165,Haylie Morissette,haylie16@jazmin.info,(909) 941-8214 x62346
48255,Greta Ledner,greta.ledner@newton.org,(566) 841-3521
24459,Natasha Bogisich,natasha51@andreanne.info,513.469.8047 x6394
21651,Cali Schmitt,cali.schmitt@julien.net,(701) 601-5593
18000,Zoie Heidenreich,zoie.heidenreich67@hans.info,1-876-428-7762 x097
21467,Alexandrea Hermann,alexandrea.hermann59@olaf.name,629-844-6682 x206
38900,Ignacio Lubowitz,ignacio_lubowitz15@jack.com,(714) 404-4977 x3919
44472,Delphia Welch,delphia52@heath.info,457-275-5646 x227
58550,Chanelle Keeling,chanelle59@raheem.net,1-920-911-8954 x98937
45012,Krystel Hirthe,krystel.hirthe@sammy.name,(850) 584-4798
86907,Fabiola Klocko,fabiola.klocko91@mossie.net,652.925.1119 x9498
19747,Brionna Nader,brionna.nader@ambrose.biz,1-867-984-6954
57205,Candida Stamm,candida.stamm62@rory.org,850.762.3946
2993,Elyssa Flatley,elyssa.flatley50@jeff.com,(719) 466-1355 x504
54024,Glenda Krajcik,glenda48@beth.name,1-969-778-1236 x7534
37093,Brionna Dietrich,brionna.dietrich18@ike.name,613-409-2749 x4506
64129,Mariah Beer,mariah_beer67@muriel.name,(711) 607-4299 x5040
21032,Ryley Rice,ryley99@chyna.org,813.549.5723
72013,Maybell Kovacek,maybell51@maegan.org,870-613-0622 x00456
30693,Dejon Daniel,dejon72@gisselle.org,1-554-657-8907
55280,Piper Stokes,piper.stokes70@abby.com,(752) 868-0364 x862
36887,Oda Feest,oda.feest1@bernadette.info,1-299-674-4778 x38421
68608,Pearlie Kuhn,pearlie7@gabrielle.name,1-412-830-9460
82481,Sonia Doyle,sonia.doyle@eldred.biz,(658) 497-8347 x314
9318,Cleo Ryan,cleo.ryan@heath.info,1-752-887-2996 x1608
56926,Chadd Pfannerstill,chadd24@pietro.net,551-577-2336 x89719
